{
  "backprop" : true,
  "backpropType" : "Standard",
  "defaultConfiguration" : {
    "iterationCount" : 0,
    "l1ByParam" : { },
    "l2ByParam" : { },
    "layer" : null,
    "leakyreluAlpha" : 0.0,
    "learningRateByParam" : { },
    "learningRatePolicy" : "None",
    "lrPolicyDecayRate" : "NaN",
    "lrPolicyPower" : "NaN",
    "lrPolicySteps" : "NaN",
    "maxNumLineSearchIterations" : 5,
    "miniBatch" : true,
    "minimize" : true,
    "numIterations" : 1,
    "optimizationAlgo" : "STOCHASTIC_GRADIENT_DESCENT",
    "pretrain" : false,
    "seed" : 1495755138977,
    "stepFunction" : null,
    "useDropConnect" : false,
    "useRegularization" : false,
    "variables" : [ "block1_conv1_W", "block1_conv1_b", "block1_conv2_W", "block1_conv2_b", "block2_conv1_W", "block2_conv1_b", "block2_conv2_W", "block2_conv2_b", "block3_conv1_W", "block3_conv1_b", "block3_conv2_W", "block3_conv2_b", "block3_conv3_W", "block3_conv3_b", "dense_1_W", "dense_1_b", "dense_2_W", "dense_2_b" ]
  },
  "inferenceWorkspaceMode" : "SINGLE",
  "iterationCount" : 0,
  "networkInputs" : [ "input_1" ],
  "networkOutputs" : [ "dense_2_loss" ],
  "pretrain" : false,
  "tbpttBackLength" : 20,
  "tbpttFwdLength" : 20,
  "trainingWorkspaceMode" : "NONE",
  "vertexInputs" : {
    "block1_conv1" : [ "input_1" ],
    "block1_conv2" : [ "block1_conv1" ],
    "block1_pool" : [ "block1_conv2" ],
    "block2_conv1" : [ "block1_pool" ],
    "block2_conv2" : [ "block2_conv1" ],
    "block2_pool" : [ "block2_conv2" ],
    "block3_conv1" : [ "block2_pool" ],
    "block3_conv2" : [ "block3_conv1" ],
    "block3_conv3" : [ "block3_conv2" ],
    "block3_pool" : [ "block3_conv3" ],
    "flatten_1" : [ "block3_pool" ],
    "dense_1" : [ "flatten_1" ],
    "dropout_1" : [ "dense_1" ],
    "dense_2" : [ "dropout_1" ],
    "dense_2_loss" : [ "dense_2" ]
  },
  "vertices" : {
    "block1_conv1" : {
      "LayerVertex" : {
        "layerConf" : {
          "iterationCount" : 0,
          "l1ByParam" : {
            "b" : 0.0,
            "W" : 0.0
          },
          "l2ByParam" : {
            "b" : 0.0,
            "W" : 0.0
          },
          "layer" : {
            "convolution" : {
              "activationFn" : {
                "ReLU" : { }
              },
              "adamMeanDecay" : "NaN",
              "adamVarDecay" : "NaN",
              "biasInit" : 0.0,
              "biasLearningRate" : 0.1,
              "convolutionMode" : "Same",
              "cudnnAlgoMode" : "PREFER_FASTEST",
              "cudnnBwdDataAlgo" : null,
              "cudnnBwdFilterAlgo" : null,
              "cudnnFwdAlgo" : null,
              "dist" : null,
              "dropOut" : 1.0,
              "epsilon" : "NaN",
              "gradientNormalization" : "None",
              "gradientNormalizationThreshold" : 1.0,
              "iupdater" : {
                "@class" : "org.nd4j.linalg.learning.config.Sgd",
                "learningRate" : 0.1
              },
              "kernelSize" : [ 3, 3 ],
              "l1" : 0.0,
              "l1Bias" : 0.0,
              "l2" : 0.0,
              "l2Bias" : 0.0,
              "layerName" : "block1_conv1",
              "learningRate" : 0.1,
              "learningRateSchedule" : null,
              "momentum" : "NaN",
              "momentumSchedule" : null,
              "nin" : 3,
              "nout" : 64,
              "padding" : [ 0, 0 ],
              "rho" : "NaN",
              "rmsDecay" : "NaN",
              "stride" : [ 1, 1 ],
              "updater" : "SGD",
              "weightInit" : "XAVIER_UNIFORM"
            }
          },
          "leakyreluAlpha" : 0.0,
          "learningRateByParam" : {
            "b" : 0.1,
            "W" : 0.1
          },
          "learningRatePolicy" : "None",
          "lrPolicyDecayRate" : "NaN",
          "lrPolicyPower" : "NaN",
          "lrPolicySteps" : "NaN",
          "maxNumLineSearchIterations" : 5,
          "miniBatch" : true,
          "minimize" : true,
          "numIterations" : 1,
          "optimizationAlgo" : "STOCHASTIC_GRADIENT_DESCENT",
          "pretrain" : false,
          "seed" : 1495755138977,
          "stepFunction" : null,
          "useDropConnect" : false,
          "useRegularization" : false,
          "variables" : [ "W", "b" ]
        },
        "outputVertex" : false,
        "preProcessor" : null
      }
    },
    "block1_conv2" : {
      "LayerVertex" : {
        "layerConf" : {
          "iterationCount" : 0,
          "l1ByParam" : {
            "b" : 0.0,
            "W" : 0.0
          },
          "l2ByParam" : {
            "b" : 0.0,
            "W" : 0.0
          },
          "layer" : {
            "convolution" : {
              "activationFn" : {
                "ReLU" : { }
              },
              "adamMeanDecay" : "NaN",
              "adamVarDecay" : "NaN",
              "biasInit" : 0.0,
              "biasLearningRate" : 0.1,
              "convolutionMode" : "Same",
              "cudnnAlgoMode" : "PREFER_FASTEST",
              "cudnnBwdDataAlgo" : null,
              "cudnnBwdFilterAlgo" : null,
              "cudnnFwdAlgo" : null,
              "dist" : null,
              "dropOut" : 1.0,
              "epsilon" : "NaN",
              "gradientNormalization" : "None",
              "gradientNormalizationThreshold" : 1.0,
              "iupdater" : {
                "@class" : "org.nd4j.linalg.learning.config.Sgd",
                "learningRate" : 0.1
              },
              "kernelSize" : [ 3, 3 ],
              "l1" : 0.0,
              "l1Bias" : 0.0,
              "l2" : 0.0,
              "l2Bias" : 0.0,
              "layerName" : "block1_conv2",
              "learningRate" : 0.1,
              "learningRateSchedule" : null,
              "momentum" : "NaN",
              "momentumSchedule" : null,
              "nin" : 64,
              "nout" : 64,
              "padding" : [ 0, 0 ],
              "rho" : "NaN",
              "rmsDecay" : "NaN",
              "stride" : [ 1, 1 ],
              "updater" : "SGD",
              "weightInit" : "XAVIER_UNIFORM"
            }
          },
          "leakyreluAlpha" : 0.0,
          "learningRateByParam" : {
            "b" : 0.1,
            "W" : 0.1
          },
          "learningRatePolicy" : "None",
          "lrPolicyDecayRate" : "NaN",
          "lrPolicyPower" : "NaN",
          "lrPolicySteps" : "NaN",
          "maxNumLineSearchIterations" : 5,
          "miniBatch" : true,
          "minimize" : true,
          "numIterations" : 1,
          "optimizationAlgo" : "STOCHASTIC_GRADIENT_DESCENT",
          "pretrain" : false,
          "seed" : 1495755138977,
          "stepFunction" : null,
          "useDropConnect" : false,
          "useRegularization" : false,
          "variables" : [ "W", "b" ]
        },
        "outputVertex" : false,
        "preProcessor" : null
      }
    },
    "block1_pool" : {
      "LayerVertex" : {
        "layerConf" : {
          "iterationCount" : 0,
          "l1ByParam" : { },
          "l2ByParam" : { },
          "layer" : {
            "subsampling" : {
              "activationFn" : {
                "Sigmoid" : { }
              },
              "adamMeanDecay" : "NaN",
              "adamVarDecay" : "NaN",
              "biasInit" : 0.0,
              "biasLearningRate" : 0.1,
              "convolutionMode" : "Truncate",
              "dist" : null,
              "dropOut" : 1.0,
              "eps" : 1.0E-8,
              "epsilon" : "NaN",
              "gradientNormalization" : "None",
              "gradientNormalizationThreshold" : 1.0,
              "iupdater" : {
                "@class" : "org.nd4j.linalg.learning.config.Sgd",
                "learningRate" : 0.1
              },
              "kernelSize" : [ 2, 2 ],
              "l1" : 0.0,
              "l1Bias" : 0.0,
              "l2" : 0.0,
              "l2Bias" : 0.0,
              "layerName" : "block1_pool",
              "learningRate" : 0.1,
              "learningRateSchedule" : null,
              "momentum" : "NaN",
              "momentumSchedule" : null,
              "padding" : [ 0, 0 ],
              "pnorm" : 0,
              "poolingType" : "MAX",
              "rho" : "NaN",
              "rmsDecay" : "NaN",
              "stride" : [ 2, 2 ],
              "updater" : "SGD",
              "weightInit" : "XAVIER"
            }
          },
          "leakyreluAlpha" : 0.0,
          "learningRateByParam" : { },
          "learningRatePolicy" : "None",
          "lrPolicyDecayRate" : "NaN",
          "lrPolicyPower" : "NaN",
          "lrPolicySteps" : "NaN",
          "maxNumLineSearchIterations" : 5,
          "miniBatch" : true,
          "minimize" : true,
          "numIterations" : 1,
          "optimizationAlgo" : "STOCHASTIC_GRADIENT_DESCENT",
          "pretrain" : false,
          "seed" : 1495755138977,
          "stepFunction" : null,
          "useDropConnect" : false,
          "useRegularization" : false,
          "variables" : [ ]
        },
        "outputVertex" : false,
        "preProcessor" : null
      }
    },
    "block2_conv1" : {
      "LayerVertex" : {
        "layerConf" : {
          "iterationCount" : 0,
          "l1ByParam" : {
            "b" : 0.0,
            "W" : 0.0
          },
          "l2ByParam" : {
            "b" : 0.0,
            "W" : 0.0
          },
          "layer" : {
            "convolution" : {
              "activationFn" : {
                "ReLU" : { }
              },
              "adamMeanDecay" : "NaN",
              "adamVarDecay" : "NaN",
              "biasInit" : 0.0,
              "biasLearningRate" : 0.1,
              "convolutionMode" : "Same",
              "cudnnAlgoMode" : "PREFER_FASTEST",
              "cudnnBwdDataAlgo" : null,
              "cudnnBwdFilterAlgo" : null,
              "cudnnFwdAlgo" : null,
              "dist" : null,
              "dropOut" : 1.0,
              "epsilon" : "NaN",
              "gradientNormalization" : "None",
              "gradientNormalizationThreshold" : 1.0,
              "iupdater" : {
                "@class" : "org.nd4j.linalg.learning.config.Sgd",
                "learningRate" : 0.1
              },
              "kernelSize" : [ 3, 3 ],
              "l1" : 0.0,
              "l1Bias" : 0.0,
              "l2" : 0.0,
              "l2Bias" : 0.0,
              "layerName" : "block2_conv1",
              "learningRate" : 0.1,
              "learningRateSchedule" : null,
              "momentum" : "NaN",
              "momentumSchedule" : null,
              "nin" : 64,
              "nout" : 128,
              "padding" : [ 0, 0 ],
              "rho" : "NaN",
              "rmsDecay" : "NaN",
              "stride" : [ 1, 1 ],
              "updater" : "SGD",
              "weightInit" : "XAVIER_UNIFORM"
            }
          },
          "leakyreluAlpha" : 0.0,
          "learningRateByParam" : {
            "b" : 0.1,
            "W" : 0.1
          },
          "learningRatePolicy" : "None",
          "lrPolicyDecayRate" : "NaN",
          "lrPolicyPower" : "NaN",
          "lrPolicySteps" : "NaN",
          "maxNumLineSearchIterations" : 5,
          "miniBatch" : true,
          "minimize" : true,
          "numIterations" : 1,
          "optimizationAlgo" : "STOCHASTIC_GRADIENT_DESCENT",
          "pretrain" : false,
          "seed" : 1495755138977,
          "stepFunction" : null,
          "useDropConnect" : false,
          "useRegularization" : false,
          "variables" : [ "W", "b" ]
        },
        "outputVertex" : false,
        "preProcessor" : null
      }
    },
    "block2_conv2" : {
      "LayerVertex" : {
        "layerConf" : {
          "iterationCount" : 0,
          "l1ByParam" : {
            "b" : 0.0,
            "W" : 0.0
          },
          "l2ByParam" : {
            "b" : 0.0,
            "W" : 0.0
          },
          "layer" : {
            "convolution" : {
              "activationFn" : {
                "ReLU" : { }
              },
              "adamMeanDecay" : "NaN",
              "adamVarDecay" : "NaN",
              "biasInit" : 0.0,
              "biasLearningRate" : 0.1,
              "convolutionMode" : "Same",
              "cudnnAlgoMode" : "PREFER_FASTEST",
              "cudnnBwdDataAlgo" : null,
              "cudnnBwdFilterAlgo" : null,
              "cudnnFwdAlgo" : null,
              "dist" : null,
              "dropOut" : 1.0,
              "epsilon" : "NaN",
              "gradientNormalization" : "None",
              "gradientNormalizationThreshold" : 1.0,
              "iupdater" : {
                "@class" : "org.nd4j.linalg.learning.config.Sgd",
                "learningRate" : 0.1
              },
              "kernelSize" : [ 3, 3 ],
              "l1" : 0.0,
              "l1Bias" : 0.0,
              "l2" : 0.0,
              "l2Bias" : 0.0,
              "layerName" : "block2_conv2",
              "learningRate" : 0.1,
              "learningRateSchedule" : null,
              "momentum" : "NaN",
              "momentumSchedule" : null,
              "nin" : 128,
              "nout" : 128,
              "padding" : [ 0, 0 ],
              "rho" : "NaN",
              "rmsDecay" : "NaN",
              "stride" : [ 1, 1 ],
              "updater" : "SGD",
              "weightInit" : "XAVIER_UNIFORM"
            }
          },
          "leakyreluAlpha" : 0.0,
          "learningRateByParam" : {
            "b" : 0.1,
            "W" : 0.1
          },
          "learningRatePolicy" : "None",
          "lrPolicyDecayRate" : "NaN",
          "lrPolicyPower" : "NaN",
          "lrPolicySteps" : "NaN",
          "maxNumLineSearchIterations" : 5,
          "miniBatch" : true,
          "minimize" : true,
          "numIterations" : 1,
          "optimizationAlgo" : "STOCHASTIC_GRADIENT_DESCENT",
          "pretrain" : false,
          "seed" : 1495755138977,
          "stepFunction" : null,
          "useDropConnect" : false,
          "useRegularization" : false,
          "variables" : [ "W", "b" ]
        },
        "outputVertex" : false,
        "preProcessor" : null
      }
    },
    "block2_pool" : {
      "LayerVertex" : {
        "layerConf" : {
          "iterationCount" : 0,
          "l1ByParam" : { },
          "l2ByParam" : { },
          "layer" : {
            "subsampling" : {
              "activationFn" : {
                "Sigmoid" : { }
              },
              "adamMeanDecay" : "NaN",
              "adamVarDecay" : "NaN",
              "biasInit" : 0.0,
              "biasLearningRate" : 0.1,
              "convolutionMode" : "Truncate",
              "dist" : null,
              "dropOut" : 1.0,
              "eps" : 1.0E-8,
              "epsilon" : "NaN",
              "gradientNormalization" : "None",
              "gradientNormalizationThreshold" : 1.0,
              "iupdater" : {
                "@class" : "org.nd4j.linalg.learning.config.Sgd",
                "learningRate" : 0.1
              },
              "kernelSize" : [ 2, 2 ],
              "l1" : 0.0,
              "l1Bias" : 0.0,
              "l2" : 0.0,
              "l2Bias" : 0.0,
              "layerName" : "block2_pool",
              "learningRate" : 0.1,
              "learningRateSchedule" : null,
              "momentum" : "NaN",
              "momentumSchedule" : null,
              "padding" : [ 0, 0 ],
              "pnorm" : 0,
              "poolingType" : "MAX",
              "rho" : "NaN",
              "rmsDecay" : "NaN",
              "stride" : [ 2, 2 ],
              "updater" : "SGD",
              "weightInit" : "XAVIER"
            }
          },
          "leakyreluAlpha" : 0.0,
          "learningRateByParam" : { },
          "learningRatePolicy" : "None",
          "lrPolicyDecayRate" : "NaN",
          "lrPolicyPower" : "NaN",
          "lrPolicySteps" : "NaN",
          "maxNumLineSearchIterations" : 5,
          "miniBatch" : true,
          "minimize" : true,
          "numIterations" : 1,
          "optimizationAlgo" : "STOCHASTIC_GRADIENT_DESCENT",
          "pretrain" : false,
          "seed" : 1495755138977,
          "stepFunction" : null,
          "useDropConnect" : false,
          "useRegularization" : false,
          "variables" : [ ]
        },
        "outputVertex" : false,
        "preProcessor" : null
      }
    },
    "block3_conv1" : {
      "LayerVertex" : {
        "layerConf" : {
          "iterationCount" : 0,
          "l1ByParam" : {
            "b" : 0.0,
            "W" : 0.0
          },
          "l2ByParam" : {
            "b" : 0.0,
            "W" : 0.0
          },
          "layer" : {
            "convolution" : {
              "activationFn" : {
                "ReLU" : { }
              },
              "adamMeanDecay" : "NaN",
              "adamVarDecay" : "NaN",
              "biasInit" : 0.0,
              "biasLearningRate" : 0.1,
              "convolutionMode" : "Same",
              "cudnnAlgoMode" : "PREFER_FASTEST",
              "cudnnBwdDataAlgo" : null,
              "cudnnBwdFilterAlgo" : null,
              "cudnnFwdAlgo" : null,
              "dist" : null,
              "dropOut" : 1.0,
              "epsilon" : "NaN",
              "gradientNormalization" : "None",
              "gradientNormalizationThreshold" : 1.0,
              "iupdater" : {
                "@class" : "org.nd4j.linalg.learning.config.Sgd",
                "learningRate" : 0.1
              },
              "kernelSize" : [ 3, 3 ],
              "l1" : 0.0,
              "l1Bias" : 0.0,
              "l2" : 0.0,
              "l2Bias" : 0.0,
              "layerName" : "block3_conv1",
              "learningRate" : 0.1,
              "learningRateSchedule" : null,
              "momentum" : "NaN",
              "momentumSchedule" : null,
              "nin" : 128,
              "nout" : 256,
              "padding" : [ 0, 0 ],
              "rho" : "NaN",
              "rmsDecay" : "NaN",
              "stride" : [ 1, 1 ],
              "updater" : "SGD",
              "weightInit" : "XAVIER_UNIFORM"
            }
          },
          "leakyreluAlpha" : 0.0,
          "learningRateByParam" : {
            "b" : 0.1,
            "W" : 0.1
          },
          "learningRatePolicy" : "None",
          "lrPolicyDecayRate" : "NaN",
          "lrPolicyPower" : "NaN",
          "lrPolicySteps" : "NaN",
          "maxNumLineSearchIterations" : 5,
          "miniBatch" : true,
          "minimize" : true,
          "numIterations" : 1,
          "optimizationAlgo" : "STOCHASTIC_GRADIENT_DESCENT",
          "pretrain" : false,
          "seed" : 1495755138977,
          "stepFunction" : null,
          "useDropConnect" : false,
          "useRegularization" : false,
          "variables" : [ "W", "b" ]
        },
        "outputVertex" : false,
        "preProcessor" : null
      }
    },
    "block3_conv2" : {
      "LayerVertex" : {
        "layerConf" : {
          "iterationCount" : 0,
          "l1ByParam" : {
            "b" : 0.0,
            "W" : 0.0
          },
          "l2ByParam" : {
            "b" : 0.0,
            "W" : 0.0
          },
          "layer" : {
            "convolution" : {
              "activationFn" : {
                "ReLU" : { }
              },
              "adamMeanDecay" : "NaN",
              "adamVarDecay" : "NaN",
              "biasInit" : 0.0,
              "biasLearningRate" : 0.1,
              "convolutionMode" : "Same",
              "cudnnAlgoMode" : "PREFER_FASTEST",
              "cudnnBwdDataAlgo" : null,
              "cudnnBwdFilterAlgo" : null,
              "cudnnFwdAlgo" : null,
              "dist" : null,
              "dropOut" : 1.0,
              "epsilon" : "NaN",
              "gradientNormalization" : "None",
              "gradientNormalizationThreshold" : 1.0,
              "iupdater" : {
                "@class" : "org.nd4j.linalg.learning.config.Sgd",
                "learningRate" : 0.1
              },
              "kernelSize" : [ 3, 3 ],
              "l1" : 0.0,
              "l1Bias" : 0.0,
              "l2" : 0.0,
              "l2Bias" : 0.0,
              "layerName" : "block3_conv2",
              "learningRate" : 0.1,
              "learningRateSchedule" : null,
              "momentum" : "NaN",
              "momentumSchedule" : null,
              "nin" : 256,
              "nout" : 256,
              "padding" : [ 0, 0 ],
              "rho" : "NaN",
              "rmsDecay" : "NaN",
              "stride" : [ 1, 1 ],
              "updater" : "SGD",
              "weightInit" : "XAVIER_UNIFORM"
            }
          },
          "leakyreluAlpha" : 0.0,
          "learningRateByParam" : {
            "b" : 0.1,
            "W" : 0.1
          },
          "learningRatePolicy" : "None",
          "lrPolicyDecayRate" : "NaN",
          "lrPolicyPower" : "NaN",
          "lrPolicySteps" : "NaN",
          "maxNumLineSearchIterations" : 5,
          "miniBatch" : true,
          "minimize" : true,
          "numIterations" : 1,
          "optimizationAlgo" : "STOCHASTIC_GRADIENT_DESCENT",
          "pretrain" : false,
          "seed" : 1495755138977,
          "stepFunction" : null,
          "useDropConnect" : false,
          "useRegularization" : false,
          "variables" : [ "W", "b" ]
        },
        "outputVertex" : false,
        "preProcessor" : null
      }
    },
    "block3_conv3" : {
      "LayerVertex" : {
        "layerConf" : {
          "iterationCount" : 0,
          "l1ByParam" : {
            "b" : 0.0,
            "W" : 0.0
          },
          "l2ByParam" : {
            "b" : 0.0,
            "W" : 0.0
          },
          "layer" : {
            "convolution" : {
              "activationFn" : {
                "ReLU" : { }
              },
              "adamMeanDecay" : "NaN",
              "adamVarDecay" : "NaN",
              "biasInit" : 0.0,
              "biasLearningRate" : 0.1,
              "convolutionMode" : "Same",
              "cudnnAlgoMode" : "PREFER_FASTEST",
              "cudnnBwdDataAlgo" : null,
              "cudnnBwdFilterAlgo" : null,
              "cudnnFwdAlgo" : null,
              "dist" : null,
              "dropOut" : 1.0,
              "epsilon" : "NaN",
              "gradientNormalization" : "None",
              "gradientNormalizationThreshold" : 1.0,
              "iupdater" : {
                "@class" : "org.nd4j.linalg.learning.config.Sgd",
                "learningRate" : 0.1
              },
              "kernelSize" : [ 3, 3 ],
              "l1" : 0.0,
              "l1Bias" : 0.0,
              "l2" : 0.0,
              "l2Bias" : 0.0,
              "layerName" : "block3_conv3",
              "learningRate" : 0.1,
              "learningRateSchedule" : null,
              "momentum" : "NaN",
              "momentumSchedule" : null,
              "nin" : 256,
              "nout" : 256,
              "padding" : [ 0, 0 ],
              "rho" : "NaN",
              "rmsDecay" : "NaN",
              "stride" : [ 1, 1 ],
              "updater" : "SGD",
              "weightInit" : "XAVIER_UNIFORM"
            }
          },
          "leakyreluAlpha" : 0.0,
          "learningRateByParam" : {
            "b" : 0.1,
            "W" : 0.1
          },
          "learningRatePolicy" : "None",
          "lrPolicyDecayRate" : "NaN",
          "lrPolicyPower" : "NaN",
          "lrPolicySteps" : "NaN",
          "maxNumLineSearchIterations" : 5,
          "miniBatch" : true,
          "minimize" : true,
          "numIterations" : 1,
          "optimizationAlgo" : "STOCHASTIC_GRADIENT_DESCENT",
          "pretrain" : false,
          "seed" : 1495755138977,
          "stepFunction" : null,
          "useDropConnect" : false,
          "useRegularization" : false,
          "variables" : [ "W", "b" ]
        },
        "outputVertex" : false,
        "preProcessor" : null
      }
    },
    "block3_pool" : {
      "LayerVertex" : {
        "layerConf" : {
          "iterationCount" : 0,
          "l1ByParam" : { },
          "l2ByParam" : { },
          "layer" : {
            "subsampling" : {
              "activationFn" : {
                "Sigmoid" : { }
              },
              "adamMeanDecay" : "NaN",
              "adamVarDecay" : "NaN",
              "biasInit" : 0.0,
              "biasLearningRate" : 0.1,
              "convolutionMode" : "Truncate",
              "dist" : null,
              "dropOut" : 1.0,
              "eps" : 1.0E-8,
              "epsilon" : "NaN",
              "gradientNormalization" : "None",
              "gradientNormalizationThreshold" : 1.0,
              "iupdater" : {
                "@class" : "org.nd4j.linalg.learning.config.Sgd",
                "learningRate" : 0.1
              },
              "kernelSize" : [ 2, 2 ],
              "l1" : 0.0,
              "l1Bias" : 0.0,
              "l2" : 0.0,
              "l2Bias" : 0.0,
              "layerName" : "block3_pool",
              "learningRate" : 0.1,
              "learningRateSchedule" : null,
              "momentum" : "NaN",
              "momentumSchedule" : null,
              "padding" : [ 0, 0 ],
              "pnorm" : 0,
              "poolingType" : "MAX",
              "rho" : "NaN",
              "rmsDecay" : "NaN",
              "stride" : [ 2, 2 ],
              "updater" : "SGD",
              "weightInit" : "XAVIER"
            }
          },
          "leakyreluAlpha" : 0.0,
          "learningRateByParam" : { },
          "learningRatePolicy" : "None",
          "lrPolicyDecayRate" : "NaN",
          "lrPolicyPower" : "NaN",
          "lrPolicySteps" : "NaN",
          "maxNumLineSearchIterations" : 5,
          "miniBatch" : true,
          "minimize" : true,
          "numIterations" : 1,
          "optimizationAlgo" : "STOCHASTIC_GRADIENT_DESCENT",
          "pretrain" : false,
          "seed" : 1495755138977,
          "stepFunction" : null,
          "useDropConnect" : false,
          "useRegularization" : false,
          "variables" : [ ]
        },
        "outputVertex" : false,
        "preProcessor" : null
      }
    },
    "flatten_1" : {
      "PreprocessorVertex" : {
        "preProcessor" : {
          "TensorFlowCnnToFeedForwardPreProcessor" : {
            "inputHeight" : 4,
            "inputWidth" : 4,
            "numChannels" : 256
          }
        }
      }
    },
    "dense_1" : {
      "LayerVertex" : {
        "layerConf" : {
          "iterationCount" : 0,
          "l1ByParam" : {
            "b" : 0.0,
            "W" : 0.0
          },
          "l2ByParam" : {
            "b" : 0.0,
            "W" : 0.0
          },
          "layer" : {
            "dense" : {
              "activationFn" : {
                "ReLU" : { }
              },
              "adamMeanDecay" : "NaN",
              "adamVarDecay" : "NaN",
              "biasInit" : 0.0,
              "biasLearningRate" : 0.1,
              "dist" : null,
              "dropOut" : 1.0,
              "epsilon" : "NaN",
              "gradientNormalization" : "None",
              "gradientNormalizationThreshold" : 1.0,
              "iupdater" : {
                "@class" : "org.nd4j.linalg.learning.config.Sgd",
                "learningRate" : 0.1
              },
              "l1" : 0.0,
              "l1Bias" : 0.0,
              "l2" : 0.0,
              "l2Bias" : 0.0,
              "layerName" : "dense_1",
              "learningRate" : 0.1,
              "learningRateSchedule" : null,
              "momentum" : "NaN",
              "momentumSchedule" : null,
              "nin" : 4096,
              "nout" : 256,
              "rho" : "NaN",
              "rmsDecay" : "NaN",
              "updater" : "SGD",
              "weightInit" : "XAVIER_UNIFORM"
            }
          },
          "leakyreluAlpha" : 0.0,
          "learningRateByParam" : {
            "b" : 0.1,
            "W" : 0.1
          },
          "learningRatePolicy" : "None",
          "lrPolicyDecayRate" : "NaN",
          "lrPolicyPower" : "NaN",
          "lrPolicySteps" : "NaN",
          "maxNumLineSearchIterations" : 5,
          "miniBatch" : true,
          "minimize" : true,
          "numIterations" : 1,
          "optimizationAlgo" : "STOCHASTIC_GRADIENT_DESCENT",
          "pretrain" : false,
          "seed" : 1495755138977,
          "stepFunction" : null,
          "useDropConnect" : false,
          "useRegularization" : false,
          "variables" : [ "W", "b" ]
        },
        "outputVertex" : false,
        "preProcessor" : null
      }
    },
    "dropout_1" : {
      "LayerVertex" : {
        "layerConf" : {
          "iterationCount" : 0,
          "l1ByParam" : { },
          "l2ByParam" : { },
          "layer" : {
            "dropout" : {
              "activationFn" : {
                "Sigmoid" : { }
              },
              "adamMeanDecay" : "NaN",
              "adamVarDecay" : "NaN",
              "biasInit" : 0.0,
              "biasLearningRate" : 0.1,
              "dist" : null,
              "dropOut" : 1.0,
              "epsilon" : "NaN",
              "gradientNormalization" : "None",
              "gradientNormalizationThreshold" : 1.0,
              "iupdater" : {
                "@class" : "org.nd4j.linalg.learning.config.Sgd",
                "learningRate" : 0.1
              },
              "l1" : 0.0,
              "l1Bias" : 0.0,
              "l2" : 0.0,
              "l2Bias" : 0.0,
              "layerName" : "dropout_1",
              "learningRate" : 0.1,
              "learningRateSchedule" : null,
              "momentum" : "NaN",
              "momentumSchedule" : null,
              "nin" : 0,
              "nout" : 0,
              "rho" : "NaN",
              "rmsDecay" : "NaN",
              "updater" : "SGD",
              "weightInit" : "XAVIER"
            }
          },
          "leakyreluAlpha" : 0.0,
          "learningRateByParam" : { },
          "learningRatePolicy" : "None",
          "lrPolicyDecayRate" : "NaN",
          "lrPolicyPower" : "NaN",
          "lrPolicySteps" : "NaN",
          "maxNumLineSearchIterations" : 5,
          "miniBatch" : true,
          "minimize" : true,
          "numIterations" : 1,
          "optimizationAlgo" : "STOCHASTIC_GRADIENT_DESCENT",
          "pretrain" : false,
          "seed" : 1495755138977,
          "stepFunction" : null,
          "useDropConnect" : false,
          "useRegularization" : false,
          "variables" : [ ]
        },
        "outputVertex" : false,
        "preProcessor" : null
      }
    },
    "dense_2" : {
      "LayerVertex" : {
        "layerConf" : {
          "iterationCount" : 0,
          "l1ByParam" : {
            "b" : 0.0,
            "W" : 0.0
          },
          "l2ByParam" : {
            "b" : 0.0,
            "W" : 0.0
          },
          "layer" : {
            "dense" : {
              "activationFn" : {
                "Sigmoid" : { }
              },
              "adamMeanDecay" : "NaN",
              "adamVarDecay" : "NaN",
              "biasInit" : 0.0,
              "biasLearningRate" : 0.1,
              "dist" : null,
              "dropOut" : 1.0,
              "epsilon" : "NaN",
              "gradientNormalization" : "None",
              "gradientNormalizationThreshold" : 1.0,
              "iupdater" : {
                "@class" : "org.nd4j.linalg.learning.config.Sgd",
                "learningRate" : 0.1
              },
              "l1" : 0.0,
              "l1Bias" : 0.0,
              "l2" : 0.0,
              "l2Bias" : 0.0,
              "layerName" : "dense_2",
              "learningRate" : 0.1,
              "learningRateSchedule" : null,
              "momentum" : "NaN",
              "momentumSchedule" : null,
              "nin" : 256,
              "nout" : 10,
              "rho" : "NaN",
              "rmsDecay" : "NaN",
              "updater" : "SGD",
              "weightInit" : "XAVIER_UNIFORM"
            }
          },
          "leakyreluAlpha" : 0.0,
          "learningRateByParam" : {
            "b" : 0.1,
            "W" : 0.1
          },
          "learningRatePolicy" : "None",
          "lrPolicyDecayRate" : "NaN",
          "lrPolicyPower" : "NaN",
          "lrPolicySteps" : "NaN",
          "maxNumLineSearchIterations" : 5,
          "miniBatch" : true,
          "minimize" : true,
          "numIterations" : 1,
          "optimizationAlgo" : "STOCHASTIC_GRADIENT_DESCENT",
          "pretrain" : false,
          "seed" : 1495755138977,
          "stepFunction" : null,
          "useDropConnect" : false,
          "useRegularization" : false,
          "variables" : [ "W", "b" ]
        },
        "outputVertex" : false,
        "preProcessor" : null
      }
    },
    "dense_2_loss" : {
      "LayerVertex" : {
        "layerConf" : {
          "iterationCount" : 0,
          "l1ByParam" : { },
          "l2ByParam" : { },
          "layer" : {
            "loss" : {
              "activationFn" : {
                "Identity" : { }
              },
              "adamMeanDecay" : "NaN",
              "adamVarDecay" : "NaN",
              "biasInit" : 0.0,
              "biasLearningRate" : 0.1,
              "dist" : null,
              "dropOut" : 0.0,
              "epsilon" : "NaN",
              "gradientNormalization" : "None",
              "gradientNormalizationThreshold" : 1.0,
              "iupdater" : {
                "@class" : "org.nd4j.linalg.learning.config.Sgd",
                "learningRate" : 0.1
              },
              "l1" : 0.0,
              "l1Bias" : 0.0,
              "l2" : 0.0,
              "l2Bias" : 0.0,
              "layerName" : "dense_2_loss",
              "learningRate" : 0.1,
              "learningRateSchedule" : null,
              "lossFn" : {
                "BinaryXENT" : { }
              },
              "momentum" : "NaN",
              "momentumSchedule" : null,
              "nin" : 10,
              "nout" : 0,
              "rho" : "NaN",
              "rmsDecay" : "NaN",
              "updater" : "SGD",
              "weightInit" : "XAVIER"
            }
          },
          "leakyreluAlpha" : 0.0,
          "learningRateByParam" : { },
          "learningRatePolicy" : "None",
          "lrPolicyDecayRate" : "NaN",
          "lrPolicyPower" : "NaN",
          "lrPolicySteps" : "NaN",
          "maxNumLineSearchIterations" : 5,
          "miniBatch" : true,
          "minimize" : true,
          "numIterations" : 1,
          "optimizationAlgo" : "STOCHASTIC_GRADIENT_DESCENT",
          "pretrain" : false,
          "seed" : 1495755138977,
          "stepFunction" : null,
          "useDropConnect" : false,
          "useRegularization" : false,
          "variables" : [ ]
        },
        "outputVertex" : false,
        "preProcessor" : null
      }
    }
  }
}